frame_id,xmin,ymin,xmax,ymax,confidence,class,x_cen,y_cen
1,588.6780395507812,671.8341064453125,590.6780395507812,673.8341064453125,-1.0,3.0,589.6780395507812,672.8341064453125
2,588.6780395507812,671.8341064453125,590.6780395507812,673.8341064453125,-1.0,3.0,589.6780395507812,672.8341064453125
3,588.6780395507812,671.8341064453125,590.6780395507812,673.8341064453125,-1.0,3.0,589.6780395507812,672.8341064453125
4,588.6780395507812,671.8341064453125,590.6780395507812,673.8341064453125,-1.0,3.0,589.6780395507812,672.8341064453125
5,588.6780395507812,671.8341064453125,590.6780395507812,673.8341064453125,-1.0,3.0,589.6780395507812,672.8341064453125
6,588.6780395507812,671.8341064453125,590.6780395507812,673.8341064453125,-1.0,3.0,589.6780395507812,672.8341064453125
7,588.6780395507812,671.8341064453125,590.6780395507812,673.8341064453125,-1.0,3.0,589.6780395507812,672.8341064453125
8,588.6780395507812,671.8341064453125,590.6780395507812,673.8341064453125,-1.0,3.0,589.6780395507812,672.8341064453125
9,588.6780395507812,671.8341064453125,590.6780395507812,673.8341064453125,-1.0,3.0,589.6780395507812,672.8341064453125
10,588.6780395507812,671.8341064453125,590.6780395507812,673.8341064453125,-1.0,3.0,589.6780395507812,672.8341064453125
11,588.6780395507812,671.8341064453125,590.6780395507812,673.8341064453125,-1.0,3.0,589.6780395507812,672.8341064453125
12,588.6780395507812,671.8341064453125,590.6780395507812,673.8341064453125,-1.0,3.0,589.6780395507812,672.8341064453125
13,588.6780395507812,671.8341064453125,590.6780395507812,673.8341064453125,-1.0,3.0,589.6780395507812,672.8341064453125
14,588.6780395507812,671.8341064453125,590.6780395507812,673.8341064453125,-1.0,3.0,589.6780395507812,672.8341064453125
15,588.6780395507812,671.8341064453125,590.6780395507812,673.8341064453125,-1.0,3.0,589.6780395507812,672.8341064453125
16,588.6780395507812,671.8341064453125,590.6780395507812,673.8341064453125,-1.0,3.0,589.6780395507812,672.8341064453125
17,588.6780395507812,671.8341064453125,590.6780395507812,673.8341064453125,-1.0,3.0,589.6780395507812,672.8341064453125
18,588.6780395507812,671.8341064453125,590.6780395507812,673.8341064453125,-1.0,3.0,589.6780395507812,672.8341064453125
19,588.6780395507812,671.8341064453125,590.6780395507812,673.8341064453125,-1.0,3.0,589.6780395507812,672.8341064453125
20,588.6780395507812,671.8341064453125,590.6780395507812,673.8341064453125,-1.0,3.0,589.6780395507812,672.8341064453125
21,588.6780395507812,671.8341064453125,590.6780395507812,673.8341064453125,-1.0,3.0,589.6780395507812,672.8341064453125
22,588.6780395507812,671.8341064453125,590.6780395507812,673.8341064453125,-1.0,3.0,589.6780395507812,672.8341064453125
23,555.9362182617188,660.661376953125,623.4198608398438,685.0068359375,0.41,3.0,589.6780395507812,672.8341064453125
24,558.8170890503507,651.0732090018081,632.0792960816007,689.3886386893081,0.68,3.0,595.4481925659757,670.2309238455581
25,571.757249534106,639.9506211288799,644.904222190356,689.5534043320049,0.79,3.0,608.330735862231,664.7520127304424
26,588.6533897274563,627.7364653989054,662.2996299618313,687.6507720395304,0.82,3.0,625.4765098446438,657.6936187192179
27,609.3585765032956,619.104450920296,678.8496653704831,674.320027092171,0.86,3.0,644.1041209368893,646.7122390062335
28,628.8490052795473,607.6010336243141,697.4420228576723,662.5763754211891,0.85,3.0,663.1455140686098,635.0887045227516
29,647.7017407960478,593.9171044592517,715.3529859132353,649.5750634436267,0.87,3.0,681.5273633546416,621.7460839514392
30,665.7211946480173,579.6545408581851,732.8136018745798,633.6892088269351,0.86,3.0,699.2673982612986,606.6718748425601
31,683.1989275914867,563.4856781807409,748.8459002477367,617.5226654854284,0.86,3.0,716.0224139196117,590.5041718330847
32,700.553890810664,547.2111839786411,764.2405363184765,599.8089622989536,0.87,3.0,732.3972135645703,573.5100731387973
33,716.653159397505,530.2029036154202,779.398764866255,583.1039045919827,0.86,3.0,748.02596213188,556.6534041037014
34,733.006935234632,518.0313782926546,793.186134453382,568.2056946989046,0.87,3.0,763.096534844007,543.1185364957796
35,747.5317838544952,507.08152357383517,807.5608365888702,556.9440724019602,0.87,3.0,777.5463102216827,532.0127979878977
36,761.5190611996106,498.1275176899153,818.3840514339856,547.8170928852278,0.84,3.0,789.9515563167981,522.9723052875715
37,770.0083622600878,490.0710679573698,827.4685673382128,539.1736070198698,0.86,3.0,798.7384647991503,514.6223374886198
38,773.9440108031001,481.6769611212663,828.3732100218501,530.6802570197037,0.85,3.0,801.1586104124751,506.178609070485
39,769.9697575611373,473.4805479192795,823.8659977955123,521.5150327825608,0.84,3.0,796.9178776783248,497.4977903509201
40,761.7162735131521,464.4867002695436,813.0467178490896,512.5013487070436,0.83,3.0,787.3814956811209,488.4940244882936
41,750.6710786178255,455.3550540830696,799.4882172897005,503.1112796690071,0.83,3.0,775.079647953763,479.23316687603835
42,736.5895241520619,446.7166025065347,786.3075417301869,492.6654550455972,0.83,3.0,761.4485329411244,469.69102877606593
43,724.1260010780063,437.1219928928564,772.8042237342563,483.56565744363775,0.81,3.0,748.4651124061313,460.34382516824706
44,715.8819283543966,428.44793691421984,763.0923775731466,474.20452871109484,0.82,3.0,739.4871529637716,451.32623281265734
45,716.599525483856,420.50298152892645,762.966224702606,465.53825984923895,0.84,3.0,739.782875093231,443.0206206890827
46,724.0482784228743,413.6364164081907,769.4110713916243,457.0612210956907,0.83,3.0,746.7296749072493,435.3488187519407
47,735.5703801774782,406.2338370277023,779.5000676774782,450.3239249183273,0.8,3.0,757.5352239274782,428.2788809730148
48,749.0034674899371,406.1075646819801,792.1145514743121,447.6604211272926,0.83,3.0,770.5590094821246,426.88399290463633
49,762.8331120016666,412.72936571544705,806.5146305563541,455.14257372325955,0.82,3.0,784.6738712790103,433.9359697193533
50,778.2534867792177,427.7117678263786,819.6441117792177,469.8603273966911,0.8,3.0,798.9487992792177,448.78604761153485
51,792.4751602506645,448.4534133589768,832.759706149102,490.2904494917893,0.81,3.0,812.6174331998833,469.371931425383
52,805.1446431073746,467.96865328037927,845.8847554120621,508.91518648350427,0.8,3.0,825.5146992597183,488.44191988194177
53,817.9162399121176,488.84722531091705,857.1574508496176,529.9549218441202,0.78,3.0,837.5368453808676,509.4010735775187
54,828.1035792205379,499.5314695453318,868.5684229705379,541.3869077777537,0.72,3.0,848.3360010955379,520.4591886615427
55,838.8493215210392,504.10088408675824,876.9221974976017,543.8987356492582,0.78,3.0,857.8857595093205,523.9998098680082
56,847.4023073145045,503.3364585691322,886.3766725488795,541.0482505613197,0.79,3.0,866.889489931692,522.192354565226
57,856.2813305991867,497.960049137999,894.1726880210617,535.1454739426865,0.8,3.0,875.2270093101242,516.5527615403428
58,864.0954272477436,489.1754394578213,901.6452319352436,527.8180786179777,0.79,3.0,882.8703295914936,508.4967590378995
59,871.6777861085834,480.10700703130016,908.4474394288959,519.3057375000501,0.79,3.0,890.0626127687397,499.7063722656751
60,878.4195862452955,471.112151573892,915.057403628108,510.1812433707671,0.77,3.0,896.7384949367017,490.64669747232955
61,886.4877282289315,462.9629120878603,920.7459069398692,500.8056855253603,0.77,3.0,903.6168175844003,481.8842988066103
62,892.35025652023,454.9984734812953,926.86685808273,491.1543572703578,0.78,3.0,909.60855730148,473.07641537582657
63,897.9997147011358,446.5629924698205,933.5509842323858,483.5374187393517,0.77,3.0,915.7753494667608,465.0502056045861
64,904.3733111061356,440.2904371576974,938.7925005592604,475.81613295847865,0.79,3.0,921.582905832698,458.053285058088
65,910.2067247309056,433.8533053216062,943.3082872309056,469.3467745598874,0.75,3.0,926.7575059809056,451.6000399407468
66,915.4158630229814,427.7572634618447,949.1506042339189,464.6607668798134,0.74,3.0,932.2832336284501,446.20901517082905
67,921.7302244397072,423.83204714681926,953.9523924084572,458.16859499838165,0.77,3.0,937.8413084240822,441.00032107260046
68,927.3741609798293,418.76937347533544,959.0782625423293,453.0274911511168,0.79,3.0,943.2262117610793,435.8984323132261
69,932.294518760425,414.5560763581229,965.1209347760503,448.4432833893729,0.78,3.0,948.7077267682376,431.4996798737479
70,937.7183317008689,409.5908162716761,969.0973600211814,444.1264608029261,0.79,3.0,953.4078458610252,426.8586385373011
71,942.633140858611,406.1447812413928,973.534996327361,439.3221494054553,0.76,3.0,958.084068592986,422.73346532342407
72,947.0916999086974,402.0108837781766,978.8319342836974,435.2177929578641,0.76,3.0,962.9618170961974,418.61433836802036
73,952.309886704671,397.77473945454955,981.787425767171,431.2216999037683,0.76,3.0,967.048656235921,414.4982196791589
74,956.3472673257733,394.1665484247811,985.9937517007733,426.7313677607186,0.72,3.0,971.1705095132733,410.4489580927499
75,960.7862705904836,389.91421798452745,989.5498203951709,422.33865646108995,0.76,3.0,975.1680454928272,406.1264372228087
76,964.2116592122751,385.9293106957897,993.6716201497751,417.93022622313345,0.75,3.0,978.9416396810251,401.92976845946157
77,968.3452542606509,381.748635460168,996.3940823856509,413.9089137804805,0.76,3.0,982.3696683231509,397.8287746203242
78,972.417208600368,377.9684612579042,997.9145230534932,409.76905940243546,0.77,3.0,985.1658658269306,393.86876033016983
79,974.8405886925163,374.07547728355905,1002.0290652550163,405.19742552574655,0.78,3.0,988.4348269737663,389.6364514046528
80,979.3494770746705,369.8033685927704,1003.1778462152955,401.5656976943329,0.73,3.0,991.263661644983,385.6845331435517
81,981.4748215069601,365.8399785371032,1006.6274093975849,397.3518193574157,0.74,3.0,994.0511154522725,381.59589894725946
82,984.6068419911752,361.58763628643044,1008.6332091786752,394.02123003643044,0.73,3.0,996.6200255849252,377.80443316143044
83,986.9144417118481,358.13969796818793,1011.1375862430981,389.1280402533442,0.83,3.0,999.0260139774731,373.63386911076606
84,989.5992812466227,354.06437606256173,1012.8107070278727,385.34318465631173,0.8,3.0,1001.2049941372477,369.70378035943673
85,992.6878612587557,351.2182951343772,1014.0487011025057,380.9605436695334,0.67,3.0,1003.3682811806307,366.0894194019553
86,994.5900955426062,346.27953995186147,1017.7375564801062,378.49645889717397,0.74,3.0,1006.1638260113562,362.3879994245177
87,1003.641387084173,342.6449818486506,1026.364287474798,377.0224232549006,0.57,3.0,1015.0028372794854,359.8337025517756
88,1019.4102685647633,342.66687331564793,1041.2213037210133,374.9595368898667,0.73,3.0,1030.3157861428883,358.8132051027573
89,1038.8858425864898,341.9725230323569,1062.0142605552398,375.2586558448569,0.71,3.0,1050.4500515708648,358.6155894386069
90,1054.9370364822462,341.5792321421492,1077.5801028884962,374.6005944468368,0.59,3.0,1066.2585696853712,358.089913294493
91,1065.4555594434144,340.18369795147873,1088.2123953809144,372.84592939679135,0.66,3.0,1076.8339774121644,356.51481367413504
92,1071.276047051036,337.70886310226274,1094.900314629161,370.34716876632524,0.7,3.0,1083.0881808400984,354.028015934294
93,1074.2269495476644,334.5279256871189,1098.3040979851644,366.2508871129003,0.64,3.0,1086.2655237664144,350.3894064000096
94,1074.341238332115,331.54443082208957,1099.114675832115,361.79345425958957,0.69,3.0,1086.727957082115,346.66894254083957
95,1072.9256071807015,328.00980822843684,1098.5078825713265,358.06449572843684,0.77,3.0,1085.716744876014,343.03715197843684
96,1071.141286427124,323.96642947245243,1096.656911427124,354.50988650370243,0.81,3.0,1083.899098927124,339.23815798807743
97,1068.3796148891136,320.50748650033137,1094.7619391078636,350.43692985970637,0.72,3.0,1081.5707769984886,335.47220818001887
98,1069.1880014431629,316.1400344923889,1093.5229623806629,346.8000686720764,0.71,3.0,1081.3554819119129,331.47005158223266
99,1070.0350721007148,313.95290824819074,1096.3570935850898,343.01211234975324,0.66,3.0,1083.1960828429023,328.482510298972
100,1072.0029387241646,311.5094255839929,1101.2861418491646,340.19881767383663,0.7,3.0,1086.6445402866646,325.85412162891475
101,1079.6540605509838,310.0583394264749,1110.0432207072338,338.6454976295999,0.73,3.0,1094.8486406291088,324.3519185280374
102,1091.9031203478535,308.9016833364352,1121.7632277697285,337.8283190786227,0.67,3.0,1106.833174058791,323.36500120752896
103,1106.8686347137434,308.75173557803805,1136.6703925262434,337.63515842960055,0.7,3.0,1121.7695136199934,323.1934470038193
104,1123.1228984569975,309.1399649787782,1155.1600078319975,338.36817542799696,0.76,3.0,1139.1414531444975,323.7540702033876
105,1140.924841900985,309.9337399240344,1173.42850401036,339.0996334787219,0.76,3.0,1157.1766729556725,324.51668670137815
106,1161.40166641504,310.85514601323723,1193.25713516504,340.99039991948723,0.72,3.0,1177.32940079004,325.92277296636223
107,1180.9546489672296,312.1052999686621,1214.7119731859796,342.7433614920996,0.62,3.0,1197.8333110766046,327.42433073038086
108,1197.9477720586276,313.9536635350252,1233.3510923711276,343.4418227147127,0.56,3.0,1215.6494322148776,328.69774312486896
109,1209.4461451479913,313.7285054354669,1245.3538599917413,343.44951373624815,0.64,3.0,1227.4000025698663,328.5890095858575
110,1216.4140377094875,311.97973410890944,1251.7641353657375,342.8489357690657,0.66,3.0,1234.0890865376125,327.41433493898757
111,1219.1671254097557,310.5027320972964,1254.3482777535057,339.9871070972964,0.7,3.0,1236.7577015816307,325.2449195972964
112,1218.7157785353966,308.0927409965286,1254.9765207228966,337.2920818168411,0.6,3.0,1236.8461496291466,322.69241140668487
113,1215.9191570412863,303.5824289797131,1253.5348796975363,335.2943430422131,0.27,3.0,1234.7270183694113,319.4383860109631
114,1212.1079361285722,301.6240482405522,1248.8022720660722,331.0960941389897,0.56,3.0,1230.4551040973222,316.36007118977096
115,1205.7718775115832,298.4745140476158,1244.8890650115832,327.6683617038658,0.67,3.0,1225.3304712615832,313.0714378757408
116,1200.6072653991687,295.5824403371819,1240.4192771179187,323.8235292043694,0.71,3.0,1220.5132712585437,309.70298477077563
117,1196.3702087958645,292.1865051630497,1234.4014587958645,320.6995666864872,0.73,3.0,1215.3858337958645,306.4430359247684
118,1191.152852025909,288.96542104495506,1230.388203588409,317.34750112308006,0.68,3.0,1210.770527807159,303.15646108401756
119,1188.5987762724408,286.6593261304483,1227.7887176786908,314.0732665601358,0.76,3.0,1208.1937469755658,300.366296345292
120,1188.3523933444644,282.9397408409088,1229.0748054538394,313.2133004112213,0.45,3.0,1208.713599399152,298.0765206260651
121,1191.3684020652943,279.446455180292,1233.4550719871693,312.09995859826074,0.44,3.0,1212.4117370262318,295.77320688927637
122,1197.6233822374052,277.68110877345725,1237.3811947374052,310.2895682461135,0.46,3.0,1217.5022884874052,293.9853385097854
123,1198.7393118327507,275.2850926194988,1238.4971243327507,307.89355209215506,-1.0,3.0,1218.6182180827507,291.58932235582694
124,1205.1137615105538,276.97083345837194,1241.8273845574288,306.86158052868444,0.52,3.0,1223.4705730339913,291.9162069935282
125,1212.0864451872585,276.2494692243962,1244.4853709685085,307.4671205915838,0.35,3.0,1228.2859080778835,291.85829490799
126,1214.9412104004207,275.02377522831057,1247.3401361816707,306.2414265954982,-1.0,3.0,1231.1406732910457,290.6326009119044
127,1217.7959756135829,273.79808123222494,1250.1949013948329,305.01573259941256,-1.0,3.0,1233.9954385042079,289.40690691581875
128,1220.650740826745,272.5723872361393,1253.049666607995,303.79003860332693,-1.0,3.0,1236.85020371737,288.1812129197331
129,1223.5055060399072,271.3466932400537,1255.9044318211572,302.5643446072413,-1.0,3.0,1239.7049689305322,286.9555189236475
130,1217.4407027157454,271.45429148774093,1255.3181441219954,299.0155097494597,0.48,3.0,1236.3794234188704,285.2349006186003
131,1206.2132936008888,269.719659092143,1252.8338990696388,295.7915585062055,0.6,3.0,1229.5235963352638,282.75560879917424
132,1197.442336872446,266.65023876120017,1238.236770466196,292.1544501869814,0.7,3.0,1217.839553669321,279.4023444740908
133,1184.9084241665048,263.82661071254233,1224.8478772915048,288.45771422816733,0.67,3.0,1204.8781507290048,276.14216247035483
134,1171.2782792643263,260.79395178327667,1210.4232987955763,284.28101233015167,0.44,3.0,1190.8507890299513,272.53748205671417
135,1157.7551502852657,256.4289686751086,1195.7400135665157,281.0338270735461,0.45,3.0,1176.7475819258907,268.73139787432734
136,1143.806373881408,252.717412752411,1183.936256693908,276.700322908661,0.62,3.0,1163.871315287658,264.708867830536
137,1131.9223613587883,249.1875625729823,1172.0930156556633,273.3002334714198,0.66,3.0,1152.0076885072258,261.24389802220105
138,1121.3409881533357,246.68657348724557,1158.6486053408357,269.6810803231831,0.6,3.0,1139.9947967470857,258.18382690521435
139,1110.0296353662343,243.41824706728013,1147.3372525537343,266.41275390321766,-1.0,3.0,1128.6834439599843,254.9155004852489
140,1099.4735445226636,240.71721701746915,1137.2723726476636,263.15445761805506,0.36,3.0,1118.3729585851636,251.9358373177621
141,1091.8565226201304,238.93071053915992,1126.0650187138804,259.35611031943336,0.37,3.0,1108.9607706670054,249.14341042929664
142,1081.1342917124928,235.44109841493707,1119.5620260874928,257.76711770204645,0.53,3.0,1100.3481588999928,246.60410805849176
143,1072.6749247286432,234.18996213663922,1110.5323466036432,254.45760129679547,0.67,3.0,1091.6036356661432,244.32378171671735
144,1064.0600909553102,232.22904348190883,1102.5268878303102,252.49723195847133,0.52,3.0,1083.2934893928102,242.36313772019008
145,1056.0200407534157,230.5124262205361,1093.5425016909157,250.29388984358297,0.57,3.0,1074.7812712221657,240.40315803205954
146,1046.913022658161,228.12771669612462,1084.435483595661,247.9091803191715,-1.0,3.0,1065.674253126911,238.01844850764806
147,1037.8060045629063,225.74300717171315,1075.3284655004063,245.52447079476002,-1.0,3.0,1056.5672350316563,235.63373898323658
148,1028.6989864676516,223.35829764730167,1066.2214474051516,243.13976127034854,-1.0,3.0,1047.4602169364016,233.2490294588251
149,1020.5261362728791,221.29538091923757,1058.2337168392853,242.53936895634695,0.29,3.0,1039.3799265560822,231.91737493779226
150,1013.8076748801193,219.97589802857624,1048.4324307394943,240.84448933717,0.32,3.0,1031.1200528098068,230.4101936828731
151,1003.3408147309112,219.29382586614395,1042.1684514496612,239.47046160833145,0.26,3.0,1022.7546330902862,229.3821437372377
152,994.2774464483587,218.29027860036203,1034.0386769171084,237.48321072926822,0.59,3.0,1014.1580616827335,227.88674466481513
153,987.3995724205365,215.88755445295402,1024.8968868736615,236.6761897068602,0.36,3.0,1006.148229647099,226.28187207990712
154,981.7333909641718,215.13804560690397,1020.5273362766718,235.65330439596642,0.45,3.0,1001.1303636204218,225.3956750014352
155,980.0637233843332,214.91974224897382,1018.3012722124582,234.74322857709882,0.59,3.0,999.1824977983957,224.83148541303632
156,979.9257109298771,214.39676315938596,1017.7721464767521,234.75433762227664,0.48,3.0,998.8489287033146,224.5755503908313
157,979.4659206579026,214.51605308827038,1018.2667019079026,234.8579109984267,0.5,3.0,998.8663112829026,224.68698204334854
158,976.7232272931219,215.0135120717282,1016.1963718243719,235.05312388813445,0.39,3.0,996.4597995587469,225.03331797993133
159,973.6976705560362,214.62889254983514,1013.1708150872862,234.66850436624134,-1.0,3.0,993.4342428216612,224.64869845803824
160,970.6721138189505,214.24427302794203,1010.1452583502005,234.28388484434828,-1.0,3.0,990.4086860845755,224.26407893614515
161,967.6465570818648,213.85965350604897,1007.1197016131148,233.89926532245516,-1.0,3.0,987.3831293474898,223.87945941425207
162,964.6210003447791,213.47503398415586,1004.0941448760291,233.5146458005621,-1.0,3.0,984.3575726104041,223.49483989235898
163,951.7117592105386,219.7520784841774,987.7622963199136,239.99969811308358,0.25,3.0,969.7370277652261,229.87588829863049
164,945.5479622167749,221.1986200861723,981.5984993261499,241.4462397150785,-1.0,3.0,963.5732307714624,231.3224299006254
165,939.3841652230111,222.6451616881672,975.4347023323861,242.8927813170734,-1.0,3.0,957.4094337776986,232.7689715026203
166,933.2203682292474,224.09170329016212,969.2709053386224,244.3393229190683,-1.0,3.0,951.2456367839349,234.2155131046152
167,927.0565712354836,225.53824489215702,963.1071083448586,245.78586452106322,-1.0,3.0,945.0818397901711,235.66205470661012
168,920.8927742417198,226.98478649415193,956.9433113510948,247.23240612305813,-1.0,3.0,938.9180427964073,237.10859630860503
169,914.7289772479561,228.43132809614684,950.7795143573311,248.67894772505304,-1.0,3.0,932.7542458026436,238.55513791059994
170,908.5651802541923,229.87786969814175,944.6157173635673,250.12548932704794,-1.0,3.0,926.5904488088798,240.00167951259485
171,886.9000460136965,267.02118405154766,925.9088350761965,286.82086666873516,0.31,3.0,906.4044405449465,276.9210253601414
172,876.9410689399308,278.0686136633335,915.9498580024308,297.868296280521,-1.0,3.0,896.4454634711808,287.96845497192726
173,866.9820918661651,289.11604327511935,905.9908809286651,308.91572589230685,-1.0,3.0,886.4864863974151,299.0158845837131
174,857.0231147923994,300.1634728869052,896.0319038548994,319.9631555040927,-1.0,3.0,876.5275093236494,310.06331419549895
175,847.0641377186337,311.21090249869104,886.0729267811337,331.01058511587854,-1.0,3.0,866.5685322498837,321.1107438072848
176,833.1072832237319,323.6716972091029,868.8470293174819,342.5777030684779,0.48,3.0,850.9771562706069,333.1247001387904
177,823.4894460473745,331.3465785648495,857.5702565942495,349.516378369537,0.35,3.0,840.529851320812,340.43147846719324
178,823.5039786705189,335.19612441784375,857.9608878502064,354.1352723670625,0.54,3.0,840.7324332603627,344.6656983924531
179,831.6904123461625,337.3919077931304,866.2992990649125,355.9803477345366,0.42,3.0,848.9948557055375,346.6861277638335
180,828.0073030790817,344.21413977703304,862.6161897978317,362.8025797184393,-1.0,3.0,845.3117464384567,353.50835974773616
181,824.3241938120009,351.0363717609357,858.9330805307509,369.62481170234196,-1.0,3.0,841.6286371713759,360.33059173163883
182,844.7302343738177,346.99795731600824,882.0113623035052,367.432466593352,0.31,3.0,863.3707983386614,357.2152119546801
183,861.9479179778971,343.5195672916449,899.3837089935221,364.12283877602,0.35,3.0,880.6658134857096,353.82120303383243
184,873.3131100268536,340.16863447120164,911.7598873706036,361.6573429672954,0.37,3.0,892.5364986987286,350.9129887192485
185,881.6413710063405,340.90982822085994,920.0881483500905,362.3985367169537,-1.0,3.0,900.8647596782155,351.6541824689068
186,889.9696319858274,341.65102197051823,928.4164093295774,363.139730466612,-1.0,3.0,909.1930206577024,352.3953762185651
187,898.2978929653143,342.3922157201765,936.7446703090643,363.8809242162703,-1.0,3.0,917.5212816371893,353.1365699682234
188,893.3036512765783,339.74697112563445,931.2449354562658,359.71584319594695,0.29,3.0,912.2742933664221,349.7314071607907
189,897.9577046333895,339.3659331882311,935.898988813077,359.3348052585436,-1.0,3.0,916.9283467232333,349.35036922338736
190,902.6117579902008,338.9848952508278,940.5530421698883,358.9537673211403,-1.0,3.0,921.5824000800445,348.969331285984
191,907.265811347012,338.60385731342444,945.2070955266995,358.57272938373694,-1.0,3.0,926.2364534368558,348.5882933485807
192,911.9198647038232,338.2228193760211,949.8611488835107,358.1916914463336,-1.0,3.0,930.890506793667,348.20725541117736
193,916.5739180606345,337.8417814386178,954.515202240322,357.8106535089303,-1.0,3.0,935.5445601504782,347.826217473774
194,921.2279714174457,337.46074350121444,959.1692555971332,357.42961557152694,-1.0,3.0,940.1986135072895,347.4451795363707
195,925.8820247742569,337.0797055638111,963.8233089539444,357.0485776341236,-1.0,3.0,944.8526668641007,347.06414159896735
196,930.5360781310682,336.69866762640777,968.4773623107557,356.66753969672027,-1.0,3.0,949.5067202209119,346.683103661564
197,935.1901314878794,336.31762968900443,973.1314156675669,356.28650175931693,-1.0,3.0,954.1607735777231,346.3020657241607
198,939.8441848446906,335.9365917516011,977.7854690243781,355.9054638219136,-1.0,3.0,958.8148269345344,345.92102778675735
199,944.4982382015019,335.55555381419776,982.4395223811894,355.52442588451026,-1.0,3.0,963.4688802913456,345.539989849354
200,949.1522915583131,335.17451587679443,987.0935757380006,355.14338794710693,-1.0,3.0,968.1229336481568,345.1589519119507
201,953.8063449151243,334.7934779393911,991.7476290948118,354.7623500097036,-1.0,3.0,972.7769870049681,344.77791397454735
202,958.4603982719356,334.41244000198776,996.4016824516231,354.38131207230026,-1.0,3.0,977.4310403617793,344.396876037144
203,963.1144516287468,334.0314020645844,1001.0557358084343,354.0002741348969,-1.0,3.0,982.0850937185905,344.0158380997407
204,967.768504985558,333.6503641271811,1005.7097891652455,353.6192361974936,-1.0,3.0,986.7391470754018,343.63480016233734
205,972.4225583423693,333.26932618977776,1010.3638425220568,353.23819826009026,-1.0,3.0,991.393200432213,343.253762224934
206,956.3489414773503,339.2323682003988,996.4151035867253,359.9984814816488,0.31,3.0,976.3820225320378,349.6154248410238
207,955.6805037878371,340.6762751545672,995.7466658972121,361.4423884358172,-1.0,3.0,975.7135848425246,351.0593317951922
208,946.294500081575,344.9722168530037,987.4699151206378,367.5632813061287,0.41,3.0,966.8822076011064,356.2677490795662
209,941.9509360260536,349.8772818438065,980.9419028229288,370.831993757869,0.58,3.0,961.4464194244912,360.35463780083774
210,939.2527246831984,353.55943306439895,978.6614160894484,373.01866158002406,0.58,3.0,958.9570703863234,363.2890473222115
211,937.6555400288705,353.9503249397468,977.9616923726205,375.5703200569344,0.53,3.0,957.8086162007455,364.7603224983406
212,938.1524571317625,354.1505052610025,979.624747170825,376.31584949928373,0.38,3.0,958.8886021512938,365.2331773801431
213,939.3699081765392,355.2512824113171,978.6611679421642,375.6688849503796,0.45,3.0,959.0155380593517,365.46008368084836
214,939.512981676359,355.04726372453007,978.1592219107342,375.16005669328007,0.33,3.0,958.8361017935466,365.10366020890507
215,938.5969225629409,356.0418791216934,977.2431627973161,376.1546720904434,-1.0,3.0,957.9200426801285,366.0982756060684
216,937.6808634495228,357.0364945188567,976.327103683898,377.1492874876067,-1.0,3.0,957.0039835667104,367.0928910032317
217,936.7648043361047,358.03110991602006,975.4110445704799,378.14390288477006,-1.0,3.0,956.0879244532923,368.08750640039506
218,939.0727384482087,356.61271425403186,977.2111661825837,376.37516542590697,0.37,3.0,958.1419523153962,366.4939398399694
219,938.960547905032,356.9068255424204,977.098975639407,376.6692767142955,-1.0,3.0,958.0297617722194,366.78805112835795
220,938.8483573618552,357.2009368308089,976.9867850962302,376.96338800268404,-1.0,3.0,957.9175712290427,367.0821624167465
221,938.7361668186784,357.49504811919746,976.8745945530534,377.2574992910726,-1.0,3.0,957.8053806858659,367.376273705135
222,938.6239762755016,357.789159407586,976.7624040098766,377.5516105794611,-1.0,3.0,957.6931901426891,367.67038499352356
223,938.5117857323248,358.08327069597453,976.6502134666998,377.84572186784965,-1.0,3.0,957.5809995995123,367.9644962819121
224,938.1646559996126,358.26023886071687,977.8856032652378,381.69358847009187,0.27,3.0,958.0251296324252,369.97691366540437
225,938.2030363419967,359.0194181000752,977.923983607622,382.4527677094502,-1.0,3.0,958.0635099748093,370.7360929047627
226,938.2414166843809,359.77859733943353,977.9623639500061,383.21194694880853,-1.0,3.0,958.1018903171935,371.49527214412103
227,938.279797026765,360.53777657879186,978.0007442923902,383.97112618816686,-1.0,3.0,958.1402706595776,372.25445138347936
228,938.3181773691491,361.2969558181502,978.0391246347743,384.7303054275252,-1.0,3.0,958.1786510019617,373.0136306228377
229,938.3565577115332,362.0561350575085,978.0775049771585,385.4894846668835,-1.0,3.0,958.2170313443459,373.772809862196
230,938.3949380539174,362.81531429686686,978.1158853195426,386.24866390624186,-1.0,3.0,958.25541168673,374.53198910155436
231,938.4333183963015,363.5744935362252,978.1542656619267,387.0078431456002,-1.0,3.0,958.2937920291141,375.2911683409127
232,938.4716987386856,364.3336727755835,978.1926460043109,387.7670223849585,-1.0,3.0,958.3321723714982,376.050347580271
233,938.5100790810698,365.09285201494185,978.231026346695,388.52620162431685,-1.0,3.0,958.3705527138824,376.80952681962935
234,938.5484594234539,365.8520312543002,978.2694066890791,389.2853808636752,-1.0,3.0,958.4089330562665,377.5687060589877
235,938.586839765838,366.6112104936585,978.3077870314632,390.0445601030335,-1.0,3.0,958.4473133986506,378.327885298346
236,938.6252201082222,367.37038973301685,978.3461673738474,390.80373934239185,-1.0,3.0,958.4856937410348,379.08706453770435
237,938.6636004506063,368.1295689723752,978.3845477162315,391.5629185817502,-1.0,3.0,958.5240740834189,379.8462437770627
238,938.7019807929904,368.8887482117335,978.4229280586156,392.3220978211085,-1.0,3.0,958.562454425803,380.605423016421
239,938.7403611353745,369.64792745109185,978.4613084009998,393.08127706046685,-1.0,3.0,958.6008347681872,381.36460225577935
240,938.7787414777587,370.4071066904502,978.4996887433839,393.8404562998252,-1.0,3.0,958.6392151105713,382.1237814951377
241,938.8171218201428,371.1662859298085,978.538069085768,394.5996355391835,-1.0,3.0,958.6775954529554,382.882960734496
242,938.8555021625269,371.92546516916684,978.5764494281522,395.35881477854184,-1.0,3.0,958.7159757953395,383.64213997385434
243,938.8938825049111,372.6846444085252,978.6148297705363,396.1179940179002,-1.0,3.0,958.7543561377237,384.4013192132127
244,938.9322628472952,373.4438236478835,978.6532101129204,396.8771732572585,-1.0,3.0,958.7927364801078,385.160498452571
245,938.9706431896793,374.20300288724184,978.6915904553045,397.63635249661684,-1.0,3.0,958.8311168224919,385.91967769192934
246,939.0090235320635,374.96218212660017,978.7299707976887,398.39553173597517,-1.0,3.0,958.8694971648761,386.67885693128767
247,939.0474038744476,375.7213613659585,978.7683511400728,399.1547109753335,-1.0,3.0,958.9078775072602,387.438036170646
248,939.0857842168317,376.48054060531683,978.8067314824569,399.91389021469183,-1.0,3.0,958.9462578496443,388.19721541000433
249,939.1241645592158,377.23971984467516,978.8451118248411,400.67306945405016,-1.0,3.0,958.9846381920285,388.95639464936266
250,939.1625449016,377.9988990840335,978.8834921672252,401.4322486934085,-1.0,3.0,959.0230185344126,389.715573888721
251,939.2009252439841,378.7580783233918,978.9218725096093,402.1914279327668,-1.0,3.0,959.0613988767967,390.4747531280793
252,939.2393055863682,379.51725756275016,978.9602528519935,402.95060717212516,-1.0,3.0,959.0997792191808,391.23393236743766
253,939.2776859287524,380.2764368021085,978.9986331943776,403.7097864114835,-1.0,3.0,959.138159561565,391.993111606796
254,939.3160662711365,381.0356160414668,979.0370135367617,404.4689656508418,-1.0,3.0,959.1765399039491,392.7522908461543
255,939.3544466135206,381.79479528082516,979.0753938791458,405.22814489020016,-1.0,3.0,959.2149202463332,393.51147008551266
256,939.3928269559048,382.5539745201835,979.11377422153,405.9873241295585,-1.0,3.0,959.2533005887174,394.270649324871
257,939.4312072982889,383.3131537595418,979.1521545639141,406.7465033689168,-1.0,3.0,959.2916809311015,395.0298285642293
258,939.469587640673,384.07233299890015,979.1905349062982,407.50568260827515,-1.0,3.0,959.3300612734856,395.78900780358765
259,939.5079679830571,384.8315122382585,979.2289152486824,408.2648618476335,-1.0,3.0,959.3684416158698,396.548187042946
260,939.5463483254413,385.5906914776168,979.2672955910665,409.0240410869918,-1.0,3.0,959.4068219582539,397.3073662823043
261,939.5847286678254,386.34987071697515,979.3056759334506,409.78322032635015,-1.0,3.0,959.445202300638,398.06654552166265
262,939.6231090102095,387.1090499563335,979.3440562758348,410.5423995657085,-1.0,3.0,959.4835826430221,398.825724761021
263,939.6614893525937,387.8682291956918,979.3824366182189,411.3015788050668,-1.0,3.0,959.5219629854063,399.5849040003793
264,939.6998696949778,388.62740843505014,979.420816960603,412.06075804442514,-1.0,3.0,959.5603433277904,400.34408323973764
265,939.7382500373619,389.3865876744085,979.4591973029871,412.8199372837835,-1.0,3.0,959.5987236701745,401.103262479096
266,939.776630379746,390.1457669137668,979.4975776453713,413.5791165231418,-1.0,3.0,959.6371040125587,401.8624417184543
267,939.8150107221302,390.90494615312514,979.5359579877554,414.33829576250014,-1.0,3.0,959.6754843549428,402.62162095781264
268,939.8533910645143,391.66412539248347,979.5743383301395,415.09747500185847,-1.0,3.0,959.7138646973269,403.38080019717097
269,939.8917714068984,392.4233046318418,979.6127186725237,415.8566542412168,-1.0,3.0,959.752245039711,404.1399794365293
270,939.9301517492826,393.18248387120013,979.6510990149078,416.61583348057513,-1.0,3.0,959.7906253820952,404.89915867588763
271,939.9685320916667,393.94166311055847,979.6894793572919,417.37501271993347,-1.0,3.0,959.8290057244793,405.65833791524597
272,940.0069124340508,394.7008423499168,979.7278596996761,418.1341919592918,-1.0,3.0,959.8673860668634,406.4175171546043
273,940.045292776435,395.46002158927513,979.7662400420602,418.89337119865013,-1.0,3.0,959.9057664092476,407.17669639396263
274,940.0836731188191,396.21920082863346,979.8046203844443,419.65255043800846,-1.0,3.0,959.9441467516317,407.93587563332096
275,940.1220534612032,396.9783800679918,979.8430007268284,420.4117296773668,-1.0,3.0,959.9825270940158,408.6950548726793
276,940.1604338035874,397.7375593073501,979.8813810692126,421.1709089167251,-1.0,3.0,960.0209074364,409.4542341120376
277,940.1988141459715,398.49673854670846,979.9197614115967,421.93008815608346,-1.0,3.0,960.0592877787841,410.21341335139596
278,940.2371944883556,399.2559177860668,979.9581417539808,422.6892673954418,-1.0,3.0,960.0976681211682,410.9725925907543
279,940.2755748307397,400.0150970254251,979.996522096365,423.4484466348001,-1.0,3.0,960.1360484635524,411.7317718301126
280,940.3139551731239,400.77427626478345,980.0349024387491,424.20762587415845,-1.0,3.0,960.1744288059365,412.49095106947095
281,940.352335515508,401.5334555041418,980.0732827811332,424.9668051135168,-1.0,3.0,960.2128091483206,413.2501303088293
282,940.3907158578921,402.2926347435001,980.1116631235174,425.7259843528751,-1.0,3.0,960.2511894907047,414.0093095481876
283,940.4290962002763,403.05181398285845,980.1500434659015,426.48516359223345,-1.0,3.0,960.2895698330889,414.76848878754595
284,940.4674765426604,403.8109932222168,980.1884238082856,427.2443428315918,-1.0,3.0,960.327950175473,415.5276680269043
285,940.5058568850445,404.5701724615751,980.2268041506698,428.0035220709501,-1.0,3.0,960.3663305178571,416.2868472662626
286,940.5442372274287,405.32935170093344,980.2651844930539,428.76270131030844,-1.0,3.0,960.4047108602413,417.04602650562094
287,940.5826175698128,406.0885309402918,980.303564835438,429.5218805496668,-1.0,3.0,960.4430912026254,417.8052057449793
288,940.6209979121969,406.8477101796501,980.3419451778221,430.2810597890251,-1.0,3.0,960.4814715450095,418.5643849843376
289,940.659378254581,407.60688941900844,980.3803255202063,431.04023902838344,-1.0,3.0,960.5198518873937,419.32356422369594
290,940.6977585969652,408.36606865836677,980.4187058625904,431.79941826774177,-1.0,3.0,960.5582322297778,420.08274346305427
291,940.7361389393493,409.1252478977251,980.4570862049745,432.5585975071001,-1.0,3.0,960.5966125721619,420.8419227024126
292,940.7745192817334,409.88442713708343,980.4954665473587,433.31777674645843,-1.0,3.0,960.634992914546,421.60110194177093
293,940.8128996241176,410.64360637644177,980.5338468897428,434.07695598581677,-1.0,3.0,960.6733732569302,422.36028118112927
294,940.8512799665017,411.4027856158001,980.5722272321269,434.8361352251751,-1.0,3.0,960.7117535993143,423.1194604204876
295,940.8896603088858,412.16196485515843,980.610607574511,435.59531446453343,-1.0,3.0,960.7501339416984,423.87863965984593
296,940.92804065127,412.92114409451676,980.6489879168952,436.35449370389176,-1.0,3.0,960.7885142840826,424.63781889920426
297,940.9664209936541,413.6803233338751,980.6873682592793,437.1136729432501,-1.0,3.0,960.8268946264667,425.3969981385626
298,941.0048013360382,414.4395025732334,980.7257486016634,437.8728521826084,-1.0,3.0,960.8652749688508,426.1561773779209
299,941.0431816784223,415.19868181259176,980.7641289440476,438.63203142196676,-1.0,3.0,960.903655311235,426.91535661727926
300,941.0815620208065,415.9578610519501,980.8025092864317,439.3912106613251,-1.0,3.0,960.9420356536191,427.6745358566376
301,941.1199423631906,416.7170402913084,980.8408896288158,440.1503899006834,-1.0,3.0,960.9804159960032,428.4337150959959
302,941.1583227055747,417.47621953066675,980.8792699712,440.90956914004175,-1.0,3.0,961.0187963383873,429.19289433535425
303,941.1967030479589,418.2353987700251,980.9176503135841,441.6687483794001,-1.0,3.0,961.0571766807715,429.9520735747126
304,941.235083390343,418.9945780093834,980.9560306559682,442.4279276187584,-1.0,3.0,961.0955570231556,430.7112528140709
305,941.2734637327271,419.75375724874175,980.9944109983524,443.18710685811675,-1.0,3.0,961.1339373655397,431.47043205342925
306,941.3118440751113,420.5129364881001,981.0327913407365,443.9462860974751,-1.0,3.0,961.1723177079239,432.2296112927876
307,941.3502244174954,421.2721157274584,981.0711716831206,444.7054653368334,-1.0,3.0,961.210698050308,432.9887905321459
308,941.3886047598795,422.03129496681674,981.1095520255047,445.46464457619174,-1.0,3.0,961.2490783926921,433.74796977150424
309,941.4269851022636,422.7904742061751,981.1479323678889,446.2238238155501,-1.0,3.0,961.2874587350763,434.5071490108626
310,941.4653654446478,423.5496534455334,981.186312710273,446.9830030549084,-1.0,3.0,961.3258390774604,435.2663282502209
311,941.5037457870319,424.30883268489174,981.2246930526571,447.74218229426674,-1.0,3.0,961.3642194198445,436.02550748957924
312,941.542126129416,425.0680119242501,981.2630733950413,448.5013615336251,-1.0,3.0,961.4025997622286,436.7846867289376
313,941.5805064718002,425.8271911636084,981.3014537374254,449.2605407729834,-1.0,3.0,961.4409801046128,437.5438659682959
314,941.6188868141843,426.58637040296674,981.3398340798095,450.01972001234174,-1.0,3.0,961.4793604469969,438.30304520765424
315,941.6572671565684,427.34554964232507,981.3782144221937,450.77889925170007,-1.0,3.0,961.517740789381,439.06222444701257
316,941.6956474989526,428.1047288816834,981.4165947645778,451.5380784910584,-1.0,3.0,961.5561211317652,439.8214036863709
317,941.7340278413367,428.86390812104173,981.4549751069619,452.29725773041673,-1.0,3.0,961.5945014741493,440.58058292572923
318,941.7724081837208,429.62308736040006,981.493355449346,453.05643696977506,-1.0,3.0,961.6328818165334,441.33976216508756
319,941.810788526105,430.3822665997584,981.5317357917302,453.8156162091334,-1.0,3.0,961.6712621589176,442.0989414044459
320,941.8491688684891,431.1414458391167,981.5701161341143,454.5747954484917,-1.0,3.0,961.7096425013017,442.8581206438042
321,941.8875492108732,431.90062507847506,981.6084964764984,455.33397468785006,-1.0,3.0,961.7480228436858,443.61729988316256
322,941.9259295532573,432.6598043178334,981.6468768188826,456.0931539272084,-1.0,3.0,961.78640318607,444.3764791225209
323,941.9643098956415,433.4189835571917,981.6852571612667,456.8523331665667,-1.0,3.0,961.8247835284541,445.1356583618792
324,942.0026902380256,434.17816279655005,981.7236375036508,457.61151240592505,-1.0,3.0,961.8631638708382,445.89483760123755
325,942.0410705804097,434.9373420359084,981.762017846035,458.3706916452834,-1.0,3.0,961.9015442132223,446.6540168405959
326,942.0794509227939,435.6965212752667,981.8003981884191,459.1298708846417,-1.0,3.0,961.9399245556065,447.4131960799542
327,942.117831265178,436.45570051462505,981.8387785308032,459.88905012400005,-1.0,3.0,961.9783048979906,448.17237531931255
328,942.1562116075621,437.2148797539834,981.8771588731873,460.6482293633584,-1.0,3.0,962.0166852403747,448.9315545586709
329,942.1945919499462,437.9740589933417,981.9155392155715,461.4074086027167,-1.0,3.0,962.0550655827589,449.6907337980292
330,942.2329722923304,438.73323823270005,981.9539195579556,462.16658784207505,-1.0,3.0,962.093445925143,450.44991303738755
331,942.2713526347145,439.4924174720584,981.9922999003397,462.9257670814334,-1.0,3.0,962.1318262675271,451.2090922767459
332,942.3097329770986,440.2515967114167,982.0306802427239,463.6849463207917,-1.0,3.0,962.1702066099112,451.9682715161042
333,942.3481133194828,441.01077595077504,982.069060585108,464.44412556015004,-1.0,3.0,962.2085869522954,452.72745075546254
334,942.3864936618669,441.7699551901334,982.1074409274921,465.2033047995084,-1.0,3.0,962.2469672946795,453.4866299948209
335,942.424874004251,442.5291344294917,982.1458212698763,465.9624840388667,-1.0,3.0,962.2853476370636,454.2458092341792
336,942.4632543466352,443.28831366885004,982.1842016122604,466.72166327822504,-1.0,3.0,962.3237279794478,455.00498847353754
337,942.5016346890193,444.04749290820837,982.2225819546445,467.48084251758337,-1.0,3.0,962.3621083218319,455.76416771289587
338,942.5400150314034,444.8066721475667,982.2609622970286,468.2400217569417,-1.0,3.0,962.400488664216,456.5233469522542
339,800.6361191596782,455.82479798198915,821.7760117378032,473.53829895855154,0.55,3.0,811.2060654487407,464.68154847027034
340,759.7426013551093,458.5865587987047,780.8824939332343,476.3000597752672,-1.0,3.0,770.3125476441718,467.44330928698594
341,718.8490835505404,461.34831961542034,739.9889761286654,479.0618205919827,-1.0,3.0,729.4190298396029,470.20507010370153
342,643.189052388449,467.5604686037316,666.976650044699,487.1179637209192,0.46,3.0,655.082851216574,477.3392161623254
343,596.6030235752977,473.84997720734293,619.3428917393602,493.23755044953043,0.6,3.0,607.972957657329,483.5437638284367
344,570.7008831630027,479.84816741801757,594.3682415614402,498.27968597270507,0.36,3.0,582.5345623622214,489.0639266953613
345,561.0776191827495,484.15489043829155,585.8171211358745,502.85496368047905,0.56,3.0,573.447370159312,493.5049270593853
346,563.1111613024613,488.33439790405885,588.2766886462113,506.33171235718373,0.4,3.0,575.6939249743363,497.3330551306213
347,571.7217201915831,491.2239764766534,597.0901283947081,510.1673358516534,0.57,3.0,584.4059242931456,500.6956561641534
348,583.9557780176552,494.4892801121971,610.5541666895302,513.1689676121971,0.42,3.0,597.2549723535927,503.8291238621971
349,576.4249793911067,498.38179861258175,603.0233680629817,517.0614861125817,-1.0,3.0,589.7241737270442,507.72164236258175
350,568.8941807645582,502.2743171129664,595.4925694364332,520.9540046129664,-1.0,3.0,582.1933751004957,511.6141608629664
351,561.3633821380097,506.16683561335105,587.9617708098847,524.846523113351,-1.0,3.0,574.6625764739472,515.506679363351
352,553.8325835114612,510.0593541137357,580.4309721833362,528.7390416137357,-1.0,3.0,567.1317778473987,519.3991978637357
353,546.3017848849126,513.9518726141204,572.9001735567876,532.6315601141204,-1.0,3.0,559.6009792208501,523.2917163641204
354,538.7709862583641,517.844391114505,565.3693749302391,536.524078614505,-1.0,3.0,552.0701805943016,527.184234864505
355,531.2401876318156,521.7369096148897,557.8385763036906,540.4165971148897,-1.0,3.0,544.5393819677531,531.0767533648897
356,523.7093890052671,525.6294281152743,550.3077776771421,544.3091156152743,-1.0,3.0,537.0085833412046,534.9692718652743
357,581.9695527390433,525.8360862120921,614.5564668015433,547.3192405089671,0.63,3.0,598.2630097702933,536.5776633605296
358,593.0558117861985,529.1103945640887,625.6427258486985,550.5935488609637,-1.0,3.0,609.3492688174485,539.8519717125262
359,604.1420708333538,532.3847029160852,636.7289848958538,553.8678572129602,-1.0,3.0,620.4355278646038,543.1262800645227
360,651.4357672276392,535.0473196698076,684.2421637120142,556.8456595135576,0.25,3.0,667.8389654698267,545.9464895916826
361,688.3684652450536,537.7301712200269,721.2974203231786,560.4247512981519,0.53,3.0,704.8329427841161,549.0774612590894
362,713.6358158707123,540.876045316023,746.5647709488373,563.570625394148,-1.0,3.0,730.1002934097748,552.2233353550855
363,738.9031664963711,544.0219194120191,771.8321215744961,566.7164994901441,-1.0,3.0,755.3676440354336,555.3692094510816
364,752.580937945797,548.3550538864947,786.562871539547,571.7155275193072,0.42,3.0,769.571904742672,560.035290702901
365,774.854009161975,551.9123794864009,808.835942755725,575.2728531192134,-1.0,3.0,791.84497595885,563.5926163028072
366,797.127080378153,555.4697050863072,831.109013971903,578.8301787191197,-1.0,3.0,814.118047175028,567.1499419027134
367,819.400151594331,559.0270306862134,853.382085188081,582.3875043190259,-1.0,3.0,836.391118391206,570.7072675026196
368,841.673222810509,562.5843562861196,875.655156404259,585.9448299189321,-1.0,3.0,858.664189607384,574.2645931025259
369,830.1031235080202,567.6234145473944,866.6207016330202,593.5069594692694,0.43,3.0,848.3619125705202,580.5651870083319
370,843.5595173537697,571.9232191349622,880.0770954787697,597.8067640568372,-1.0,3.0,861.8183064162697,584.8649915958997
371,834.9404205869033,577.8983933573695,873.3652252744033,603.8002488261195,0.29,3.0,854.1528229306533,590.8493210917445
372,831.7407339061618,583.9570804374353,869.1096303905368,609.4988284843103,0.57,3.0,850.4251821483493,596.7279544608728
373,830.6390928952918,588.2028317247054,871.4486632077918,616.835033873143,0.38,3.0,851.0438780515418,602.5189327989242
374,835.2806841238341,594.3903286205,875.7447954519591,621.51972315175,0.64,3.0,855.5127397878966,607.955025886125
375,842.8027029050647,600.0262843508877,883.0375661863147,626.4276515383877,0.53,3.0,862.9201345456897,613.2269679446377
376,852.4732066038108,605.7007519848709,892.6383677366233,630.4520947583084,0.45,3.0,872.5557871702171,618.0764233715896
377,858.5635500906673,610.8764099177926,898.7287112234798,635.6277526912301,-1.0,3.0,878.6461306570735,623.2520813045113
378,864.6538935775237,616.0520678507143,904.8190547103362,640.8034106241518,-1.0,3.0,884.73647414393,628.427739237433
379,879.0389481927468,618.1844204567142,920.1700517083718,647.9983853004642,0.49,3.0,899.6044999505593,633.0914028785892
380,893.2820992636184,623.3885554141243,937.1168160604934,650.0817927188118,0.34,3.0,915.1994576620559,636.7351740664681
381,907.311391029101,627.2000625613974,953.740101966601,654.4158828738974,0.63,3.0,930.525746497851,640.8079727176474
382,924.0120319315976,632.0494168457852,968.1140827128476,657.6220486817227,0.68,3.0,946.0630573222226,644.835732763754
383,936.7725488512225,636.4223718507413,980.8745996324725,661.9950036866788,-1.0,3.0,958.8235742418475,649.2086877687101
384,949.5330657708474,640.7953268556975,993.6351165520974,666.367958691635,-1.0,3.0,971.5840911614724,653.5816427736662
385,964.5793065091378,644.8185258656051,1011.3681248685128,672.1197953968551,0.29,3.0,987.9737156888253,658.4691606312301
386,978.3220591571841,649.3307498239737,1025.110877516559,676.6320193552237,-1.0,3.0,1001.7164683368715,662.9813845895987
387,992.0648118052303,653.8429737823424,1038.8536301646054,681.1442433135924,-1.0,3.0,1015.4592209849179,667.4936085479674
388,1005.8075644532767,658.355197740711,1052.5963828126517,685.656467271961,-1.0,3.0,1029.2019736329642,672.005832506336
389,1019.5503171013229,662.8674216990796,1066.339135460698,690.1686912303296,-1.0,3.0,1042.9447262810104,676.5180564647046
390,1033.2930697493691,667.3796456574482,1080.0818881087441,694.6809151886982,-1.0,3.0,1056.6874789290566,681.0302804230732
391,1047.0358223974154,671.8918696158169,1093.8246407567904,699.1931391470669,-1.0,3.0,1070.4302315771029,685.5425043814419
392,1060.7785750454616,676.4040935741855,1107.5673934048366,703.7053631054355,-1.0,3.0,1084.172984225149,690.0547283398105
393,1074.5213276935078,680.9163175325541,1121.3101460528828,708.2175870638041,-1.0,3.0,1097.9157368731953,694.5669522981791
394,1088.264080341554,685.4285414909227,1135.052898700929,712.7298110221727,-1.0,3.0,1111.6584895212416,699.0791762565477
395,1102.0068329896003,689.9407654492913,1148.7956513489753,717.2420349805413,-1.0,3.0,1125.4012421692878,703.5914002149163
396,1115.7495856376465,694.45298940766,1162.5384039970215,721.75425893891,-1.0,3.0,1139.143994817334,708.103624173285
397,1129.4923382856928,698.9652133660286,1176.2811566450678,726.2664828972786,-1.0,3.0,1152.8867474653803,712.6158481316536
398,1143.235090933739,703.4774373243972,1190.023909293114,730.7787068556472,-1.0,3.0,1166.6295001134265,717.1280720900222
399,1156.9778435817852,707.9896612827658,1203.7666619411602,735.2909308140158,-1.0,3.0,1180.3722527614727,721.6402960483908
400,1170.7205962298315,712.5018852411345,1217.5094145892065,739.8031547723845,-1.0,3.0,1194.115005409519,726.1525200067595
401,1184.4633488778777,717.0141091995031,1231.2521672372527,744.3153787307531,-1.0,3.0,1207.8577580575652,730.6647439651281
402,1198.206101525924,721.5263331578717,1244.994919885299,748.8276026891217,-1.0,3.0,1221.6005107056114,735.1769679234967
403,1211.9488541739702,726.0385571162403,1258.7376725333452,753.3398266474903,-1.0,3.0,1235.3432633536577,739.6891918818653
404,1225.6916068220164,730.550781074609,1272.4804251813914,757.852050605859,-1.0,3.0,1249.086016001704,744.201415840234
405,1239.4343594700626,735.0630050329776,1286.2231778294376,762.3642745642276,-1.0,3.0,1262.8287686497501,748.7136397986026
406,1253.1771121181089,739.5752289913462,1299.9659304774839,766.8764985225962,-1.0,3.0,1276.5715212977964,753.2258637569712
407,1266.9198647661551,744.0874529497148,1313.7086831255301,771.3887224809648,-1.0,3.0,1290.3142739458426,757.7380877153398
408,1280.6626174142013,748.5996769080834,1327.4514357735763,775.9009464393334,-1.0,3.0,1304.0570265938888,762.2503116737084
409,1294.4053700622476,753.1119008664521,1341.1941884216226,780.4131703977021,-1.0,3.0,1317.799779241935,766.7625356320771
410,1308.1481227102938,757.6241248248207,1354.9369410696688,784.9253943560707,-1.0,3.0,1331.5425318899813,771.2747595904457
411,1321.89087535834,762.1363487831893,1368.679693717715,789.4376183144393,-1.0,3.0,1345.2852845380276,775.7869835488143
412,1335.6336280063863,766.6485727415579,1382.4224463657613,793.9498422728079,-1.0,3.0,1359.0280371860738,780.2992075071829
413,1349.3763806544325,771.1607966999265,1396.1651990138075,798.4620662311765,-1.0,3.0,1372.77078983412,784.8114314655515
414,1363.1191333024788,775.6730206582952,1409.9079516618538,802.9742901895452,-1.0,3.0,1386.5135424821663,789.3236554239202
415,1376.861885950525,780.1852446166638,1423.6507043099,807.4865141479138,-1.0,3.0,1400.2562951302125,793.8358793822888
416,1390.6046385985712,784.6974685750324,1437.3934569579462,811.9987381062824,-1.0,3.0,1413.9990477782587,798.3481033406574
417,1404.3473912466175,789.209692533401,1451.1362096059925,816.510962064651,-1.0,3.0,1427.741800426305,802.860327299026
418,1418.0901438946637,793.7219164917697,1464.8789622540387,821.0231860230197,-1.0,3.0,1441.4845530743512,807.3725512573947
419,1431.83289654271,798.2341404501383,1478.621714902085,825.5354099813883,-1.0,3.0,1455.2273057223974,811.8847752157633
420,1445.5756491907562,802.7463644085069,1492.3644675501312,830.0476339397569,-1.0,3.0,1468.9700583704437,816.3969991741319
421,1459.3184018388024,807.2585883668755,1506.1072201981774,834.5598578981255,-1.0,3.0,1482.71281101849,820.9092231325005
422,1473.0611544868486,811.7708123252442,1519.8499728462236,839.0720818564942,-1.0,3.0,1496.4555636665361,825.4214470908692
423,1486.8039071348949,816.2830362836128,1533.5927254942699,843.5843058148628,-1.0,3.0,1510.1983163145824,829.9336710492378
424,1500.546659782941,820.7952602419814,1547.335478142316,848.0965297732314,-1.0,3.0,1523.9410689626286,834.4458950076064
425,1514.2894124309873,825.30748420035,1561.0782307903623,852.6087537316,-1.0,3.0,1537.6838216106748,838.958118965975
426,1528.0321650790336,829.8197081587186,1574.8209834384086,857.1209776899686,-1.0,3.0,1551.426574258721,843.4703429243436
427,1541.7749177270798,834.3319321170873,1588.5637360864548,861.6332016483373,-1.0,3.0,1565.1693269067673,847.9825668827123
428,1555.517670375126,838.8441560754559,1602.306488734501,866.1454256067059,-1.0,3.0,1578.9120795548135,852.4947908410809
429,1569.2604230231723,843.3563800338245,1616.0492413825473,870.6576495650745,-1.0,3.0,1592.6548322028598,857.0070147994495
430,1583.0031756712185,847.8686039921931,1629.7919940305935,875.1698735234431,-1.0,3.0,1606.397584850906,861.5192387578181
431,1596.7459283192647,852.3808279505618,1643.5347466786397,879.6820974818118,-1.0,3.0,1620.1403374989522,866.0314627161868
432,1610.488680967311,856.8930519089304,1657.277499326686,884.1943214401804,-1.0,3.0,1633.8830901469985,870.5436866745554
433,1624.2314336153572,861.405275867299,1671.0202519747322,888.706545398549,-1.0,3.0,1647.6258427950447,875.055910632924
434,1637.9741862634035,865.9174998256676,1684.7630046227785,893.2187693569176,-1.0,3.0,1661.368595443091,879.5681345912926
435,1651.7169389114497,870.4297237840362,1698.5057572708247,897.7309933152862,-1.0,3.0,1675.1113480911372,884.0803585496612
436,1665.459691559496,874.9419477424049,1712.248509918871,902.2432172736549,-1.0,3.0,1688.8541007391834,888.5925825080299
437,1679.2024442075422,879.4541717007735,1725.9912625669172,906.7554412320235,-1.0,3.0,1702.5968533872297,893.1048064663985
438,1692.9451968555884,883.9663956591421,1739.7340152149634,911.2676651903921,-1.0,3.0,1716.339606035276,897.6170304247671
439,1706.6879495036346,888.4786196175107,1753.4767678630096,915.7798891487607,-1.0,3.0,1730.0823586833221,902.1292543831357
440,1720.4307021516809,892.9908435758794,1767.2195205110559,920.2921131071294,-1.0,3.0,1743.8251113313684,906.6414783415044
441,1734.173454799727,897.503067534248,1780.962273159102,924.804337065498,-1.0,3.0,1757.5678639794146,911.153702299873
442,1747.9162074477733,902.0152914926166,1794.7050258071483,929.3165610238666,-1.0,3.0,1771.3106166274608,915.6659262582416
443,1761.6589600958196,906.5275154509852,1808.4477784551946,933.8287849822352,-1.0,3.0,1785.053369275507,920.1781502166102
444,1775.4017127438658,911.0397394093538,1822.1905311032408,938.3410089406038,-1.0,3.0,1798.7961219235533,924.6903741749788
445,1789.144465391912,915.5519633677225,1835.933283751287,942.8532328989725,-1.0,3.0,1812.5388745715995,929.2025981333475
446,1802.8872180399583,920.0641873260911,1849.6760363993333,947.3654568573411,-1.0,3.0,1826.2816272196458,933.7148220917161
447,1816.6299706880045,924.5764112844597,1863.4187890473795,951.8776808157097,-1.0,3.0,1840.024379867692,938.2270460500847
448,1830.3727233360507,929.0886352428283,1877.1615416954257,956.3899047740783,-1.0,3.0,1853.7671325157382,942.7392700084533
449,1844.115475984097,933.600859201197,1890.904294343472,960.902128732447,-1.0,3.0,1867.5098851637845,947.251493966822
